Coin,Accuracy
Human Needs_Observer,0.824999988079071
Human Needs_Decider,0.6625000238418579
Human Needs_Preferences,0.5843750238418579
Letter_Observer,0.512499988079071
Letter_Decider,0.559374988079071
Animal_Energy Animal,0.6468750238418579
Animal_Info Animal,0.6468750238418579
Animal_Dominant Animal,0.574999988079071
Animal_Introverted vs Extraverted,0.5874999761581421
Sexual Modality_Sensory,0.543749988079071
Sexual Modality_Extraverted Decider,0.6968749761581421
